{
  "HTTP Request-1" : {
    "transaction" : "HTTP Request-1",
    "sampleCount" : 85,
    "errorCount" : 11,
    "errorPct" : 12.941176,
    "meanResTime" : 494.18823529411765,
    "medianResTime" : 508.0,
    "minResTime" : 247.0,
    "maxResTime" : 992.0,
    "pct1ResTime" : 583.0000000000001,
    "pct2ResTime" : 602.5,
    "pct3ResTime" : 992.0,
    "throughput" : 0.17163395525401826,
    "receivedKBytesPerSec" : 13.256640719651077,
    "sentKBytesPerSec" : 0.021119021837896778
  },
  "Total" : {
    "transaction" : "Total",
    "sampleCount" : 270,
    "errorCount" : 37,
    "errorPct" : 13.703704,
    "meanResTime" : 438.448148148148,
    "medianResTime" : 489.5,
    "minResTime" : 152.0,
    "maxResTime" : 1249.0,
    "pct1ResTime" : 712.9,
    "pct2ResTime" : 748.4999999999999,
    "pct3ResTime" : 851.420000000004,
    "throughput" : 0.5449074363719659,
    "receivedKBytesPerSec" : 26.66164406330916,
    "sentKBytesPerSec" : 0.08815722522033433
  },
  "HTTP Request-0" : {
    "transaction" : "HTTP Request-0",
    "sampleCount" : 85,
    "errorCount" : 0,
    "errorPct" : 0.0,
    "meanResTime" : 184.81176470588233,
    "medianResTime" : 181.0,
    "minResTime" : 152.0,
    "maxResTime" : 263.0,
    "pct1ResTime" : 218.40000000000006,
    "pct2ResTime" : 243.0,
    "pct3ResTime" : 263.0,
    "throughput" : 0.17172341620503373,
    "receivedKBytesPerSec" : 0.04685697535465936,
    "sentKBytesPerSec" : 0.021130029728353757
  },
  "HTTP Request" : {
    "transaction" : "HTTP Request",
    "sampleCount" : 100,
    "errorCount" : 26,
    "errorPct" : 26.0,
    "meanResTime" : 606.66,
    "medianResTime" : 685.5,
    "minResTime" : 158.0,
    "maxResTime" : 1249.0,
    "pct1ResTime" : 754.9,
    "pct2ResTime" : 779.0,
    "pct3ResTime" : 1244.4499999999975,
    "throughput" : 0.20181756902665404,
    "receivedKBytesPerSec" : 13.365070906710837,
    "sentKBytesPerSec" : 0.045941089199329155
  }
}