{
  "HTTP Request-1" : {
    "transaction" : "HTTP Request-1",
    "sampleCount" : 17,
    "errorCount" : 2,
    "errorPct" : 11.764706,
    "meanResTime" : 516.8235294117649,
    "medianResTime" : 506.0,
    "minResTime" : 262.0,
    "maxResTime" : 928.0,
    "pct1ResTime" : 715.1999999999998,
    "pct2ResTime" : 928.0,
    "pct3ResTime" : 928.0,
    "throughput" : 0.29707295762341634,
    "receivedKBytesPerSec" : 23.660458306028833,
    "sentKBytesPerSec" : 0.03655389908256881
  },
  "Total" : {
    "transaction" : "Total",
    "sampleCount" : 54,
    "errorCount" : 7,
    "errorPct" : 12.962963,
    "meanResTime" : 466.96296296296305,
    "medianResTime" : 499.0,
    "minResTime" : 164.0,
    "maxResTime" : 1218.0,
    "pct1ResTime" : 739.0,
    "pct2ResTime" : 870.25,
    "pct3ResTime" : 1218.0,
    "throughput" : 0.9388855081283144,
    "receivedKBytesPerSec" : 47.361065455750676,
    "sentKBytesPerSec" : 0.15189651612622793
  },
  "HTTP Request-0" : {
    "transaction" : "HTTP Request-0",
    "sampleCount" : 17,
    "errorCount" : 0,
    "errorPct" : 0.0,
    "meanResTime" : 207.8235294117647,
    "medianResTime" : 198.0,
    "minResTime" : 164.0,
    "maxResTime" : 320.0,
    "pct1ResTime" : 292.0,
    "pct2ResTime" : 320.0,
    "pct3ResTime" : 320.0,
    "throughput" : 0.29814623195776846,
    "receivedKBytesPerSec" : 0.08106193220680825,
    "sentKBytesPerSec" : 0.03668596213542854
  },
  "HTTP Request" : {
    "transaction" : "HTTP Request",
    "sampleCount" : 20,
    "errorCount" : 5,
    "errorPct" : 25.0,
    "meanResTime" : 644.85,
    "medianResTime" : 686.0,
    "minResTime" : 169.0,
    "maxResTime" : 1218.0,
    "pct1ResTime" : 849.4000000000001,
    "pct2ResTime" : 1199.6499999999996,
    "pct3ResTime" : 1218.0,
    "throughput" : 0.34773537338085714,
    "receivedKBytesPerSec" : 23.739544167825784,
    "sentKBytesPerSec" : 0.07915733938972441
  }
}