{
  "HTTP Request-1" : {
    "transaction" : "HTTP Request-1",
    "sampleCount" : 146,
    "errorCount" : 26,
    "errorPct" : 17.80822,
    "meanResTime" : 466.4041095890411,
    "medianResTime" : 495.5,
    "minResTime" : 243.0,
    "maxResTime" : 980.0,
    "pct1ResTime" : 558.8000000000001,
    "pct2ResTime" : 576.95,
    "pct3ResTime" : 797.6400000000004,
    "throughput" : 0.1974755590181407,
    "receivedKBytesPerSec" : 14.42457093024514,
    "sentKBytesPerSec" : 0.02429875042606028
  },
  "Total" : {
    "transaction" : "Total",
    "sampleCount" : 792,
    "errorCount" : 406,
    "errorPct" : 51.262627,
    "meanResTime" : 321.3093434343438,
    "medianResTime" : 194.0,
    "minResTime" : 138.0,
    "maxResTime" : 1249.0,
    "pct1ResTime" : 671.0,
    "pct2ResTime" : 700.6999999999998,
    "pct3ResTime" : 770.1399999999999,
    "throughput" : 1.0583566073790973,
    "receivedKBytesPerSec" : 29.679142849745432,
    "sentKBytesPerSec" : 0.15423405282428873
  },
  "HTTP Request-0" : {
    "transaction" : "HTTP Request-0",
    "sampleCount" : 146,
    "errorCount" : 0,
    "errorPct" : 0.0,
    "meanResTime" : 182.8150684931508,
    "medianResTime" : 178.0,
    "minResTime" : 154.0,
    "maxResTime" : 320.0,
    "pct1ResTime" : 207.60000000000002,
    "pct2ResTime" : 237.3,
    "pct3ResTime" : 300.26000000000005,
    "throughput" : 0.1974768945270496,
    "receivedKBytesPerSec" : 0.05390380584301669,
    "sentKBytesPerSec" : 0.024298914756258057
  },
  "HTTP Request" : {
    "transaction" : "HTTP Request",
    "sampleCount" : 500,
    "errorCount" : 380,
    "errorPct" : 76.0,
    "meanResTime" : 319.3819999999999,
    "medianResTime" : 190.0,
    "minResTime" : 138.0,
    "maxResTime" : 1249.0,
    "pct1ResTime" : 690.0,
    "pct2ResTime" : 728.75,
    "pct3ResTime" : 772.99,
    "throughput" : 0.6681544238504403,
    "receivedKBytesPerSec" : 15.37475920340959,
    "sentKBytesPerSec" : 0.106220893522911
  }
}