{
  "HTTP Request-1" : {
    "transaction" : "HTTP Request-1",
    "sampleCount" : 5,
    "errorCount" : 0,
    "errorPct" : 0.0,
    "meanResTime" : 654.2,
    "medianResTime" : 630.0,
    "minResTime" : 487.0,
    "maxResTime" : 980.0,
    "pct1ResTime" : 980.0,
    "pct2ResTime" : 980.0,
    "pct3ResTime" : 980.0,
    "throughput" : 0.10337626894370129,
    "receivedKBytesPerSec" : 9.271175498015175,
    "sentKBytesPerSec" : 0.012720126842681995
  },
  "Total" : {
    "transaction" : "Total",
    "sampleCount" : 15,
    "errorCount" : 0,
    "errorPct" : 0.0,
    "meanResTime" : 572.6666666666665,
    "medianResTime" : 630.0,
    "minResTime" : 165.0,
    "maxResTime" : 1244.0,
    "pct1ResTime" : 1085.6000000000001,
    "pct2ResTime" : 1244.0,
    "pct3ResTime" : 1244.0,
    "throughput" : 0.3084452304085871,
    "receivedKBytesPerSec" : 18.497637181016223,
    "sentKBytesPerSec" : 0.05060429561390882
  },
  "HTTP Request-0" : {
    "transaction" : "HTTP Request-0",
    "sampleCount" : 5,
    "errorCount" : 0,
    "errorPct" : 0.0,
    "meanResTime" : 203.4,
    "medianResTime" : 201.0,
    "minResTime" : 165.0,
    "maxResTime" : 254.0,
    "pct1ResTime" : 254.0,
    "pct2ResTime" : 254.0,
    "pct3ResTime" : 254.0,
    "throughput" : 0.10416666666666667,
    "receivedKBytesPerSec" : 0.028340657552083332,
    "sentKBytesPerSec" : 0.0128173828125
  },
  "HTTP Request" : {
    "transaction" : "HTTP Request",
    "sampleCount" : 5,
    "errorCount" : 0,
    "errorPct" : 0.0,
    "meanResTime" : 860.4,
    "medianResTime" : 796.0,
    "minResTime" : 689.0,
    "maxResTime" : 1244.0,
    "pct1ResTime" : 1244.0,
    "pct2ResTime" : 1244.0,
    "pct3ResTime" : 1244.0,
    "throughput" : 0.10281507680286237,
    "receivedKBytesPerSec" : 9.248818590508112,
    "sentKBytesPerSec" : 0.02530214780695441
  }
}