{
  "HTTP Request-1" : {
    "transaction" : "HTTP Request-1",
    "sampleCount" : 10,
    "errorCount" : 0,
    "errorPct" : 0.0,
    "meanResTime" : 604.5,
    "medianResTime" : 583.5,
    "minResTime" : 504.0,
    "maxResTime" : 972.0,
    "pct1ResTime" : 938.3000000000002,
    "pct2ResTime" : 972.0,
    "pct3ResTime" : 972.0,
    "throughput" : 0.18387423002666178,
    "receivedKBytesPerSec" : 16.51941165992461,
    "sentKBytesPerSec" : 0.0226251493978119
  },
  "Total" : {
    "transaction" : "Total",
    "sampleCount" : 30,
    "errorCount" : 0,
    "errorPct" : 0.0,
    "meanResTime" : 546.9333333333333,
    "medianResTime" : 583.5,
    "minResTime" : 169.0,
    "maxResTime" : 1236.0,
    "pct1ResTime" : 848.4000000000001,
    "pct2ResTime" : 1090.7999999999997,
    "pct3ResTime" : 1236.0,
    "throughput" : 0.5489578949294589,
    "receivedKBytesPerSec" : 32.9785025801021,
    "sentKBytesPerSec" : 0.09006340463686435
  },
  "HTTP Request-0" : {
    "transaction" : "HTTP Request-0",
    "sampleCount" : 10,
    "errorCount" : 0,
    "errorPct" : 0.0,
    "meanResTime" : 214.6,
    "medianResTime" : 213.0,
    "minResTime" : 169.0,
    "maxResTime" : 250.0,
    "pct1ResTime" : 249.9,
    "pct2ResTime" : 250.0,
    "pct3ResTime" : 250.0,
    "throughput" : 0.18508921300066633,
    "receivedKBytesPerSec" : 0.050212679073813576,
    "sentKBytesPerSec" : 0.022774649255941363
  },
  "HTTP Request" : {
    "transaction" : "HTTP Request",
    "sampleCount" : 10,
    "errorCount" : 0,
    "errorPct" : 0.0,
    "meanResTime" : 821.6999999999999,
    "medianResTime" : 785.5,
    "minResTime" : 676.0,
    "maxResTime" : 1236.0,
    "pct1ResTime" : 1197.4,
    "pct2ResTime" : 1236.0,
    "pct3ResTime" : 1236.0,
    "throughput" : 0.1829859649764863,
    "receivedKBytesPerSec" : 16.48925129005105,
    "sentKBytesPerSec" : 0.045031702318432176
  }
}