{
  "HTTP Request-1" : {
    "transaction" : "HTTP Request-1",
    "sampleCount" : 22,
    "errorCount" : 4,
    "errorPct" : 18.181818,
    "meanResTime" : 535.7727272727274,
    "medianResTime" : 521.0,
    "minResTime" : 262.0,
    "maxResTime" : 957.0,
    "pct1ResTime" : 635.5,
    "pct2ResTime" : 908.9999999999993,
    "pct3ResTime" : 957.0,
    "throughput" : 0.5530973451327433,
    "receivedKBytesPerSec" : 40.88348855151347,
    "sentKBytesPerSec" : 0.06805689988938053
  },
  "Total" : {
    "transaction" : "Total",
    "sampleCount" : 94,
    "errorCount" : 36,
    "errorPct" : 38.29787,
    "meanResTime" : 406.44680851063845,
    "medianResTime" : 253.0,
    "minResTime" : 160.0,
    "maxResTime" : 1247.0,
    "pct1ResTime" : 799.0,
    "pct2ResTime" : 847.25,
    "pct3ResTime" : 1247.0,
    "throughput" : 1.5978242393336735,
    "receivedKBytesPerSec" : 56.564432209331976,
    "sentKBytesPerSec" : 0.24262174910759818
  },
  "HTTP Request-0" : {
    "transaction" : "HTTP Request-0",
    "sampleCount" : 22,
    "errorCount" : 0,
    "errorPct" : 0.0,
    "meanResTime" : 207.22727272727272,
    "medianResTime" : 199.5,
    "minResTime" : 160.0,
    "maxResTime" : 305.0,
    "pct1ResTime" : 288.0,
    "pct2ResTime" : 302.45,
    "pct3ResTime" : 305.0,
    "throughput" : 0.5559346018750158,
    "receivedKBytesPerSec" : 0.15119901037323427,
    "sentKBytesPerSec" : 0.06840601546508983
  },
  "HTTP Request" : {
    "transaction" : "HTTP Request",
    "sampleCount" : 50,
    "errorCount" : 32,
    "errorPct" : 64.0,
    "meanResTime" : 437.20000000000005,
    "medianResTime" : 225.5,
    "minResTime" : 164.0,
    "maxResTime" : 1247.0,
    "pct1ResTime" : 832.8,
    "pct2ResTime" : 850.6999999999999,
    "pct3ResTime" : 1247.0,
    "throughput" : 0.8499065102838688,
    "receivedKBytesPerSec" : 28.8206783581931,
    "sentKBytesPerSec" : 0.15059280979092302
  }
}