{
  "HTTP Request-1" : {
    "transaction" : "HTTP Request-1",
    "sampleCount" : 139,
    "errorCount" : 18,
    "errorPct" : 12.94964,
    "meanResTime" : 481.61870503597123,
    "medianResTime" : 494.0,
    "minResTime" : 243.0,
    "maxResTime" : 1346.0,
    "pct1ResTime" : 573.0,
    "pct2ResTime" : 587.0,
    "pct3ResTime" : 1050.7999999999959,
    "throughput" : 0.18755296009844508,
    "receivedKBytesPerSec" : 14.484506546391021,
    "sentKBytesPerSec" : 0.02307780563711336
  },
  "Total" : {
    "transaction" : "Total",
    "sampleCount" : 528,
    "errorCount" : 147,
    "errorPct" : 27.84091,
    "meanResTime" : 386.2291666666663,
    "medianResTime" : 277.0,
    "minResTime" : 152.0,
    "maxResTime" : 1620.0,
    "pct1ResTime" : 682.1,
    "pct2ResTime" : 715.0999999999999,
    "pct3ResTime" : 775.9700000000003,
    "throughput" : 0.7068717844362363,
    "receivedKBytesPerSec" : 29.180763956617753,
    "sentKBytesPerSec" : 0.10987607737702372
  },
  "HTTP Request-0" : {
    "transaction" : "HTTP Request-0",
    "sampleCount" : 139,
    "errorCount" : 0,
    "errorPct" : 0.0,
    "meanResTime" : 178.99280575539575,
    "medianResTime" : 174.0,
    "minResTime" : 152.0,
    "maxResTime" : 275.0,
    "pct1ResTime" : 198.0,
    "pct2ResTime" : 214.0,
    "pct3ResTime" : 272.59999999999997,
    "throughput" : 0.18760561251207963,
    "receivedKBytesPerSec" : 0.05119955610690011,
    "sentKBytesPerSec" : 0.0230842843520723
  },
  "HTTP Request" : {
    "transaction" : "HTTP Request",
    "sampleCount" : 250,
    "errorCount" : 129,
    "errorPct" : 51.6,
    "meanResTime" : 448.41600000000017,
    "medianResTime" : 456.0,
    "minResTime" : 152.0,
    "maxResTime" : 1620.0,
    "pct1ResTime" : 715.8,
    "pct2ResTime" : 758.0,
    "pct3ResTime" : 794.6800000000003,
    "throughput" : 0.33469307975200585,
    "receivedKBytesPerSec" : 14.75850445702407,
    "sentKBytesPerSec" : 0.0640806508240813
  }
}